<annotation>
	<folder>Annotations</folder>
	<filename>cat.8.jpg</filename>
	<path>C:\Users\boys\Desktop\VOC2007\Annotations\cat.8.jpg</path>
	<source>
		<database>Unknown</database>
	</source>
	<size>
		<width>320</width>
		<height>223</height>
		<depth>3</depth>
	</size>
	<segmented>0</segmented>
	<object>
		<name>cat</name>
		<pose>Unspecified</pose>
		<truncated>1</truncated>
		<difficult>0</difficult>
		<bndbox>
			<xmin>38</xmin>
			<ymin>55</ymin>
			<xmax>239</xmax>
			<ymax>223</ymax>
		</bndbox>
	</object>
</annotation>
