<annotation>
	<folder>Annotations</folder>
	<filename>cat.124.jpg</filename>
	<path>C:\Users\boys\Desktop\VOC2007\Annotations\cat.124.jpg</path>
	<source>
		<database>Unknown</database>
	</source>
	<size>
		<width>464</width>
		<height>442</height>
		<depth>3</depth>
	</size>
	<segmented>0</segmented>
	<object>
		<name>cat</name>
		<pose>Unspecified</pose>
		<truncated>0</truncated>
		<difficult>0</difficult>
		<bndbox>
			<xmin>5</xmin>
			<ymin>40</ymin>
			<xmax>416</xmax>
			<ymax>432</ymax>
		</bndbox>
	</object>
</annotation>
