<annotation>
	<folder>Annotations</folder>
	<filename>cat.119.jpg</filename>
	<path>C:\Users\boys\Desktop\VOC2007\Annotations\cat.119.jpg</path>
	<source>
		<database>Unknown</database>
	</source>
	<size>
		<width>399</width>
		<height>400</height>
		<depth>3</depth>
	</size>
	<segmented>0</segmented>
	<object>
		<name>cat</name>
		<pose>Unspecified</pose>
		<truncated>1</truncated>
		<difficult>0</difficult>
		<bndbox>
			<xmin>21</xmin>
			<ymin>4</ymin>
			<xmax>399</xmax>
			<ymax>400</ymax>
		</bndbox>
	</object>
</annotation>
