<annotation>
	<folder>Annotations</folder>
	<filename>cat.26.jpg</filename>
	<path>C:\Users\boys\Desktop\VOC2007\Annotations\cat.26.jpg</path>
	<source>
		<database>Unknown</database>
	</source>
	<size>
		<width>499</width>
		<height>499</height>
		<depth>3</depth>
	</size>
	<segmented>0</segmented>
	<object>
		<name>cat</name>
		<pose>Unspecified</pose>
		<truncated>1</truncated>
		<difficult>0</difficult>
		<bndbox>
			<xmin>5</xmin>
			<ymin>47</ymin>
			<xmax>499</xmax>
			<ymax>499</ymax>
		</bndbox>
	</object>
</annotation>
