<annotation>
	<folder>Annotations</folder>
	<filename>cat.115.jpg</filename>
	<path>C:\Users\boys\Desktop\VOC2007\Annotations\cat.115.jpg</path>
	<source>
		<database>Unknown</database>
	</source>
	<size>
		<width>350</width>
		<height>301</height>
		<depth>3</depth>
	</size>
	<segmented>0</segmented>
	<object>
		<name>cat</name>
		<pose>Unspecified</pose>
		<truncated>0</truncated>
		<difficult>0</difficult>
		<bndbox>
			<xmin>50</xmin>
			<ymin>19</ymin>
			<xmax>331</xmax>
			<ymax>298</ymax>
		</bndbox>
	</object>
</annotation>
