<annotation>
	<folder>Annotations</folder>
	<filename>cat.100.jpg</filename>
	<path>C:\Users\boys\Desktop\VOC2007\Annotations\cat.100.jpg</path>
	<source>
		<database>Unknown</database>
	</source>
	<size>
		<width>499</width>
		<height>227</height>
		<depth>3</depth>
	</size>
	<segmented>0</segmented>
	<object>
		<name>cat</name>
		<pose>Unspecified</pose>
		<truncated>1</truncated>
		<difficult>0</difficult>
		<bndbox>
			<xmin>2</xmin>
			<ymin>22</ymin>
			<xmax>499</xmax>
			<ymax>227</ymax>
		</bndbox>
	</object>
</annotation>
