<annotation>
	<folder>Annotations</folder>
	<filename>cat.122.jpg</filename>
	<path>C:\Users\boys\Desktop\VOC2007\Annotations\cat.122.jpg</path>
	<source>
		<database>Unknown</database>
	</source>
	<size>
		<width>249</width>
		<height>270</height>
		<depth>3</depth>
	</size>
	<segmented>0</segmented>
	<object>
		<name>cat</name>
		<pose>Unspecified</pose>
		<truncated>1</truncated>
		<difficult>0</difficult>
		<bndbox>
			<xmin>4</xmin>
			<ymin>4</ymin>
			<xmax>236</xmax>
			<ymax>270</ymax>
		</bndbox>
	</object>
</annotation>
