<annotation>
	<folder>Annotations</folder>
	<filename>cat.118.jpg</filename>
	<path>C:\Users\boys\Desktop\VOC2007\Annotations\cat.118.jpg</path>
	<source>
		<database>Unknown</database>
	</source>
	<size>
		<width>499</width>
		<height>448</height>
		<depth>3</depth>
	</size>
	<segmented>0</segmented>
	<object>
		<name>cat</name>
		<pose>Unspecified</pose>
		<truncated>1</truncated>
		<difficult>0</difficult>
		<bndbox>
			<xmin>34</xmin>
			<ymin>52</ymin>
			<xmax>499</xmax>
			<ymax>420</ymax>
		</bndbox>
	</object>
</annotation>
