<annotation>
	<folder>Annotations</folder>
	<filename>cat.17.jpg</filename>
	<path>C:\Users\boys\Desktop\VOC2007\Annotations\cat.17.jpg</path>
	<source>
		<database>Unknown</database>
	</source>
	<size>
		<width>499</width>
		<height>333</height>
		<depth>3</depth>
	</size>
	<segmented>0</segmented>
	<object>
		<name>cat</name>
		<pose>Unspecified</pose>
		<truncated>1</truncated>
		<difficult>0</difficult>
		<bndbox>
			<xmin>134</xmin>
			<ymin>38</ymin>
			<xmax>355</xmax>
			<ymax>333</ymax>
		</bndbox>
	</object>
</annotation>
