<annotation>
	<folder>Annotations</folder>
	<filename>cat.138.jpg</filename>
	<path>C:\Users\boys\Desktop\VOC2007\Annotations\cat.138.jpg</path>
	<source>
		<database>Unknown</database>
	</source>
	<size>
		<width>500</width>
		<height>374</height>
		<depth>3</depth>
	</size>
	<segmented>0</segmented>
	<object>
		<name>cat</name>
		<pose>Unspecified</pose>
		<truncated>0</truncated>
		<difficult>0</difficult>
		<bndbox>
			<xmin>48</xmin>
			<ymin>10</ymin>
			<xmax>394</xmax>
			<ymax>306</ymax>
		</bndbox>
	</object>
</annotation>
