<annotation>
	<folder>Annotations</folder>
	<filename>cat.91.jpg</filename>
	<path>C:\Users\boys\Desktop\VOC2007\Annotations\cat.91.jpg</path>
	<source>
		<database>Unknown</database>
	</source>
	<size>
		<width>279</width>
		<height>210</height>
		<depth>3</depth>
	</size>
	<segmented>0</segmented>
	<object>
		<name>cat</name>
		<pose>Unspecified</pose>
		<truncated>0</truncated>
		<difficult>0</difficult>
		<bndbox>
			<xmin>8</xmin>
			<ymin>28</ymin>
			<xmax>233</xmax>
			<ymax>187</ymax>
		</bndbox>
	</object>
</annotation>
