<annotation>
	<folder>Annotations</folder>
	<filename>cat.86.jpg</filename>
	<path>C:\Users\boys\Desktop\VOC2007\Annotations\cat.86.jpg</path>
	<source>
		<database>Unknown</database>
	</source>
	<size>
		<width>500</width>
		<height>374</height>
		<depth>3</depth>
	</size>
	<segmented>0</segmented>
	<object>
		<name>cat</name>
		<pose>Unspecified</pose>
		<truncated>0</truncated>
		<difficult>0</difficult>
		<bndbox>
			<xmin>59</xmin>
			<ymin>2</ymin>
			<xmax>477</xmax>
			<ymax>367</ymax>
		</bndbox>
	</object>
</annotation>
