<annotation>
	<folder>Annotations</folder>
	<filename>cat.77.jpg</filename>
	<path>C:\Users\boys\Desktop\VOC2007\Annotations\cat.77.jpg</path>
	<source>
		<database>Unknown</database>
	</source>
	<size>
		<width>500</width>
		<height>190</height>
		<depth>3</depth>
	</size>
	<segmented>0</segmented>
	<object>
		<name>cat</name>
		<pose>Unspecified</pose>
		<truncated>1</truncated>
		<difficult>0</difficult>
		<bndbox>
			<xmin>1</xmin>
			<ymin>21</ymin>
			<xmax>491</xmax>
			<ymax>190</ymax>
		</bndbox>
	</object>
</annotation>
