<annotation>
	<folder>Annotations</folder>
	<filename>cat.38.jpg</filename>
	<path>C:\Users\boys\Desktop\VOC2007\Annotations\cat.38.jpg</path>
	<source>
		<database>Unknown</database>
	</source>
	<size>
		<width>272</width>
		<height>499</height>
		<depth>3</depth>
	</size>
	<segmented>0</segmented>
	<object>
		<name>cat</name>
		<pose>Unspecified</pose>
		<truncated>0</truncated>
		<difficult>0</difficult>
		<bndbox>
			<xmin>21</xmin>
			<ymin>47</ymin>
			<xmax>251</xmax>
			<ymax>438</ymax>
		</bndbox>
	</object>
</annotation>
