<annotation>
	<folder>Annotations</folder>
	<filename>cat.58.jpg</filename>
	<path>C:\Users\boys\Desktop\VOC2007\Annotations\cat.58.jpg</path>
	<source>
		<database>Unknown</database>
	</source>
	<size>
		<width>431</width>
		<height>344</height>
		<depth>3</depth>
	</size>
	<segmented>0</segmented>
	<object>
		<name>cat</name>
		<pose>Unspecified</pose>
		<truncated>0</truncated>
		<difficult>0</difficult>
		<bndbox>
			<xmin>3</xmin>
			<ymin>15</ymin>
			<xmax>426</xmax>
			<ymax>341</ymax>
		</bndbox>
	</object>
</annotation>
