<annotation>
	<folder>Annotations</folder>
	<filename>cat.16.jpg</filename>
	<path>C:\Users\boys\Desktop\VOC2007\Annotations\cat.16.jpg</path>
	<source>
		<database>Unknown</database>
	</source>
	<size>
		<width>339</width>
		<height>260</height>
		<depth>3</depth>
	</size>
	<segmented>0</segmented>
	<object>
		<name>cat</name>
		<pose>Unspecified</pose>
		<truncated>0</truncated>
		<difficult>0</difficult>
		<bndbox>
			<xmin>6</xmin>
			<ymin>6</ymin>
			<xmax>334</xmax>
			<ymax>257</ymax>
		</bndbox>
	</object>
</annotation>
