<annotation>
	<folder>Annotations</folder>
	<filename>cat.102.jpg</filename>
	<path>C:\Users\boys\Desktop\VOC2007\Annotations\cat.102.jpg</path>
	<source>
		<database>Unknown</database>
	</source>
	<size>
		<width>480</width>
		<height>324</height>
		<depth>3</depth>
	</size>
	<segmented>0</segmented>
	<object>
		<name>cat</name>
		<pose>Unspecified</pose>
		<truncated>0</truncated>
		<difficult>0</difficult>
		<bndbox>
			<xmin>11</xmin>
			<ymin>18</ymin>
			<xmax>466</xmax>
			<ymax>315</ymax>
		</bndbox>
	</object>
</annotation>
