<annotation>
	<folder>Annotations</folder>
	<filename>cat.67.jpg</filename>
	<path>C:\Users\boys\Desktop\VOC2007\Annotations\cat.67.jpg</path>
	<source>
		<database>Unknown</database>
	</source>
	<size>
		<width>300</width>
		<height>358</height>
		<depth>3</depth>
	</size>
	<segmented>0</segmented>
	<object>
		<name>cat</name>
		<pose>Unspecified</pose>
		<truncated>0</truncated>
		<difficult>0</difficult>
		<bndbox>
			<xmin>28</xmin>
			<ymin>14</ymin>
			<xmax>270</xmax>
			<ymax>326</ymax>
		</bndbox>
	</object>
</annotation>
