<annotation>
	<folder>Annotations</folder>
	<filename>cat.70.jpg</filename>
	<path>C:\Users\boys\Desktop\VOC2007\Annotations\cat.70.jpg</path>
	<source>
		<database>Unknown</database>
	</source>
	<size>
		<width>431</width>
		<height>287</height>
		<depth>3</depth>
	</size>
	<segmented>0</segmented>
	<object>
		<name>cat</name>
		<pose>Unspecified</pose>
		<truncated>1</truncated>
		<difficult>0</difficult>
		<bndbox>
			<xmin>35</xmin>
			<ymin>31</ymin>
			<xmax>371</xmax>
			<ymax>287</ymax>
		</bndbox>
	</object>
</annotation>
