<annotation>
	<folder>Annotations</folder>
	<filename>cat.1.jpg</filename>
	<path>C:\Users\boys\Desktop\VOC2007\Annotations\cat.1.jpg</path>
	<source>
		<database>Unknown</database>
	</source>
	<size>
		<width>360</width>
		<height>257</height>
		<depth>3</depth>
	</size>
	<segmented>0</segmented>
	<object>
		<name>cat</name>
		<pose>Unspecified</pose>
		<truncated>1</truncated>
		<difficult>0</difficult>
		<bndbox>
			<xmin>6</xmin>
			<ymin>1</ymin>
			<xmax>360</xmax>
			<ymax>257</ymax>
		</bndbox>
	</object>
</annotation>
