<annotation>
	<folder>Annotations</folder>
	<filename>cat.66.jpg</filename>
	<path>C:\Users\boys\Desktop\VOC2007\Annotations\cat.66.jpg</path>
	<source>
		<database>Unknown</database>
	</source>
	<size>
		<width>499</width>
		<height>447</height>
		<depth>3</depth>
	</size>
	<segmented>0</segmented>
	<object>
		<name>cat</name>
		<pose>Unspecified</pose>
		<truncated>1</truncated>
		<difficult>0</difficult>
		<bndbox>
			<xmin>5</xmin>
			<ymin>1</ymin>
			<xmax>492</xmax>
			<ymax>447</ymax>
		</bndbox>
	</object>
</annotation>
