<annotation>
	<folder>Annotations</folder>
	<filename>cat.93.jpg</filename>
	<path>C:\Users\boys\Desktop\VOC2007\Annotations\cat.93.jpg</path>
	<source>
		<database>Unknown</database>
	</source>
	<size>
		<width>471</width>
		<height>499</height>
		<depth>3</depth>
	</size>
	<segmented>0</segmented>
	<object>
		<name>cat</name>
		<pose>Unspecified</pose>
		<truncated>0</truncated>
		<difficult>0</difficult>
		<bndbox>
			<xmin>73</xmin>
			<ymin>23</ymin>
			<xmax>462</xmax>
			<ymax>447</ymax>
		</bndbox>
	</object>
</annotation>
