<annotation>
	<folder>Annotations</folder>
	<filename>cat.9.jpg</filename>
	<path>C:\Users\boys\Desktop\VOC2007\Annotations\cat.9.jpg</path>
	<source>
		<database>Unknown</database>
	</source>
	<size>
		<width>500</width>
		<height>381</height>
		<depth>3</depth>
	</size>
	<segmented>0</segmented>
	<object>
		<name>cat</name>
		<pose>Unspecified</pose>
		<truncated>1</truncated>
		<difficult>0</difficult>
		<bndbox>
			<xmin>8</xmin>
			<ymin>6</ymin>
			<xmax>500</xmax>
			<ymax>381</ymax>
		</bndbox>
	</object>
</annotation>
