<annotation>
	<folder>Annotations</folder>
	<filename>cat.84.jpg</filename>
	<path>C:\Users\boys\Desktop\VOC2007\Annotations\cat.84.jpg</path>
	<source>
		<database>Unknown</database>
	</source>
	<size>
		<width>200</width>
		<height>279</height>
		<depth>3</depth>
	</size>
	<segmented>0</segmented>
	<object>
		<name>cat</name>
		<pose>Unspecified</pose>
		<truncated>1</truncated>
		<difficult>0</difficult>
		<bndbox>
			<xmin>3</xmin>
			<ymin>8</ymin>
			<xmax>200</xmax>
			<ymax>246</ymax>
		</bndbox>
	</object>
</annotation>
