<annotation>
	<folder>Annotations</folder>
	<filename>cat.126.jpg</filename>
	<path>C:\Users\boys\Desktop\VOC2007\Annotations\cat.126.jpg</path>
	<source>
		<database>Unknown</database>
	</source>
	<size>
		<width>352</width>
		<height>451</height>
		<depth>3</depth>
	</size>
	<segmented>0</segmented>
	<object>
		<name>cat</name>
		<pose>Unspecified</pose>
		<truncated>1</truncated>
		<difficult>0</difficult>
		<bndbox>
			<xmin>24</xmin>
			<ymin>30</ymin>
			<xmax>306</xmax>
			<ymax>451</ymax>
		</bndbox>
	</object>
</annotation>
