<annotation>
	<folder>Annotations</folder>
	<filename>cat.71.jpg</filename>
	<path>C:\Users\boys\Desktop\VOC2007\Annotations\cat.71.jpg</path>
	<source>
		<database>Unknown</database>
	</source>
	<size>
		<width>380</width>
		<height>373</height>
		<depth>3</depth>
	</size>
	<segmented>0</segmented>
	<object>
		<name>cat</name>
		<pose>Unspecified</pose>
		<truncated>1</truncated>
		<difficult>0</difficult>
		<bndbox>
			<xmin>5</xmin>
			<ymin>23</ymin>
			<xmax>380</xmax>
			<ymax>372</ymax>
		</bndbox>
	</object>
</annotation>
