<annotation>
	<folder>Annotations</folder>
	<filename>cat.48.jpg</filename>
	<path>C:\Users\boys\Desktop\VOC2007\Annotations\cat.48.jpg</path>
	<source>
		<database>Unknown</database>
	</source>
	<size>
		<width>200</width>
		<height>107</height>
		<depth>3</depth>
	</size>
	<segmented>0</segmented>
	<object>
		<name>cat</name>
		<pose>Unspecified</pose>
		<truncated>1</truncated>
		<difficult>0</difficult>
		<bndbox>
			<xmin>5</xmin>
			<ymin>2</ymin>
			<xmax>200</xmax>
			<ymax>107</ymax>
		</bndbox>
	</object>
</annotation>
