<annotation>
	<folder>Annotations</folder>
	<filename>cat.105.jpg</filename>
	<path>C:\Users\boys\Desktop\VOC2007\Annotations\cat.105.jpg</path>
	<source>
		<database>Unknown</database>
	</source>
	<size>
		<width>313</width>
		<height>210</height>
		<depth>3</depth>
	</size>
	<segmented>0</segmented>
	<object>
		<name>cat</name>
		<pose>Unspecified</pose>
		<truncated>0</truncated>
		<difficult>0</difficult>
		<bndbox>
			<xmin>50</xmin>
			<ymin>17</ymin>
			<xmax>231</xmax>
			<ymax>197</ymax>
		</bndbox>
	</object>
</annotation>
