<annotation>
	<folder>Annotations</folder>
	<filename>cat.127.jpg</filename>
	<path>C:\Users\boys\Desktop\VOC2007\Annotations\cat.127.jpg</path>
	<source>
		<database>Unknown</database>
	</source>
	<size>
		<width>500</width>
		<height>289</height>
		<depth>3</depth>
	</size>
	<segmented>0</segmented>
	<object>
		<name>cat</name>
		<pose>Unspecified</pose>
		<truncated>0</truncated>
		<difficult>0</difficult>
		<bndbox>
			<xmin>29</xmin>
			<ymin>46</ymin>
			<xmax>483</xmax>
			<ymax>266</ymax>
		</bndbox>
	</object>
</annotation>
