<annotation>
	<folder>Annotations</folder>
	<filename>cat.74.jpg</filename>
	<path>C:\Users\boys\Desktop\VOC2007\Annotations\cat.74.jpg</path>
	<source>
		<database>Unknown</database>
	</source>
	<size>
		<width>463</width>
		<height>405</height>
		<depth>3</depth>
	</size>
	<segmented>0</segmented>
	<object>
		<name>cat</name>
		<pose>Unspecified</pose>
		<truncated>0</truncated>
		<difficult>0</difficult>
		<bndbox>
			<xmin>21</xmin>
			<ymin>63</ymin>
			<xmax>330</xmax>
			<ymax>316</ymax>
		</bndbox>
	</object>
	<object>
		<name>cat</name>
		<pose>Unspecified</pose>
		<truncated>0</truncated>
		<difficult>0</difficult>
		<bndbox>
			<xmin>333</xmin>
			<ymin>160</ymin>
			<xmax>443</xmax>
			<ymax>311</ymax>
		</bndbox>
	</object>
</annotation>
