<annotation>
	<folder>Annotations</folder>
	<filename>cat.57.jpg</filename>
	<path>C:\Users\boys\Desktop\VOC2007\Annotations\cat.57.jpg</path>
	<source>
		<database>Unknown</database>
	</source>
	<size>
		<width>376</width>
		<height>499</height>
		<depth>3</depth>
	</size>
	<segmented>0</segmented>
	<object>
		<name>cat</name>
		<pose>Unspecified</pose>
		<truncated>0</truncated>
		<difficult>0</difficult>
		<bndbox>
			<xmin>23</xmin>
			<ymin>23</ymin>
			<xmax>364</xmax>
			<ymax>476</ymax>
		</bndbox>
	</object>
</annotation>
