<annotation>
	<folder>Annotations</folder>
	<filename>cat.92.jpg</filename>
	<path>C:\Users\boys\Desktop\VOC2007\Annotations\cat.92.jpg</path>
	<source>
		<database>Unknown</database>
	</source>
	<size>
		<width>469</width>
		<height>303</height>
		<depth>3</depth>
	</size>
	<segmented>0</segmented>
	<object>
		<name>cat</name>
		<pose>Unspecified</pose>
		<truncated>1</truncated>
		<difficult>0</difficult>
		<bndbox>
			<xmin>2</xmin>
			<ymin>2</ymin>
			<xmax>469</xmax>
			<ymax>303</ymax>
		</bndbox>
	</object>
</annotation>
