<annotation>
	<folder>Annotations</folder>
	<filename>cat.42.jpg</filename>
	<path>C:\Users\boys\Desktop\VOC2007\Annotations\cat.42.jpg</path>
	<source>
		<database>Unknown</database>
	</source>
	<size>
		<width>489</width>
		<height>499</height>
		<depth>3</depth>
	</size>
	<segmented>0</segmented>
	<object>
		<name>cat</name>
		<pose>Unspecified</pose>
		<truncated>0</truncated>
		<difficult>0</difficult>
		<bndbox>
			<xmin>110</xmin>
			<ymin>62</ymin>
			<xmax>362</xmax>
			<ymax>437</ymax>
		</bndbox>
	</object>
</annotation>
