<annotation>
	<folder>Annotations</folder>
	<filename>cat.97.jpg</filename>
	<path>C:\Users\boys\Desktop\VOC2007\Annotations\cat.97.jpg</path>
	<source>
		<database>Unknown</database>
	</source>
	<size>
		<width>250</width>
		<height>243</height>
		<depth>3</depth>
	</size>
	<segmented>0</segmented>
	<object>
		<name>cat</name>
		<pose>Unspecified</pose>
		<truncated>0</truncated>
		<difficult>0</difficult>
		<bndbox>
			<xmin>8</xmin>
			<ymin>19</ymin>
			<xmax>126</xmax>
			<ymax>234</ymax>
		</bndbox>
	</object>
	<object>
		<name>cat</name>
		<pose>Unspecified</pose>
		<truncated>0</truncated>
		<difficult>0</difficult>
		<bndbox>
			<xmin>127</xmin>
			<ymin>14</ymin>
			<xmax>244</xmax>
			<ymax>206</ymax>
		</bndbox>
	</object>
</annotation>
