<annotation>
	<folder>Annotations</folder>
	<filename>cat.96.jpg</filename>
	<path>C:\Users\boys\Desktop\VOC2007\Annotations\cat.96.jpg</path>
	<source>
		<database>Unknown</database>
	</source>
	<size>
		<width>500</width>
		<height>463</height>
		<depth>3</depth>
	</size>
	<segmented>0</segmented>
	<object>
		<name>cat</name>
		<pose>Unspecified</pose>
		<truncated>0</truncated>
		<difficult>0</difficult>
		<bndbox>
			<xmin>25</xmin>
			<ymin>82</ymin>
			<xmax>468</xmax>
			<ymax>428</ymax>
		</bndbox>
	</object>
</annotation>
