<annotation>
	<folder>Annotations</folder>
	<filename>cat.47.jpg</filename>
	<path>C:\Users\boys\Desktop\VOC2007\Annotations\cat.47.jpg</path>
	<source>
		<database>Unknown</database>
	</source>
	<size>
		<width>500</width>
		<height>430</height>
		<depth>3</depth>
	</size>
	<segmented>0</segmented>
	<object>
		<name>cat</name>
		<pose>Unspecified</pose>
		<truncated>0</truncated>
		<difficult>0</difficult>
		<bndbox>
			<xmin>58</xmin>
			<ymin>9</ymin>
			<xmax>432</xmax>
			<ymax>415</ymax>
		</bndbox>
	</object>
</annotation>
