<annotation>
	<folder>Annotations</folder>
	<filename>cat.54.jpg</filename>
	<path>C:\Users\boys\Desktop\VOC2007\Annotations\cat.54.jpg</path>
	<source>
		<database>Unknown</database>
	</source>
	<size>
		<width>294</width>
		<height>208</height>
		<depth>3</depth>
	</size>
	<segmented>0</segmented>
	<object>
		<name>cat</name>
		<pose>Unspecified</pose>
		<truncated>0</truncated>
		<difficult>0</difficult>
		<bndbox>
			<xmin>11</xmin>
			<ymin>19</ymin>
			<xmax>280</xmax>
			<ymax>181</ymax>
		</bndbox>
	</object>
</annotation>
