<annotation>
	<folder>Annotations</folder>
	<filename>cat.75.jpg</filename>
	<path>C:\Users\boys\Desktop\VOC2007\Annotations\cat.75.jpg</path>
	<source>
		<database>Unknown</database>
	</source>
	<size>
		<width>265</width>
		<height>239</height>
		<depth>3</depth>
	</size>
	<segmented>0</segmented>
	<object>
		<name>cat</name>
		<pose>Unspecified</pose>
		<truncated>0</truncated>
		<difficult>0</difficult>
		<bndbox>
			<xmin>16</xmin>
			<ymin>17</ymin>
			<xmax>264</xmax>
			<ymax>227</ymax>
		</bndbox>
	</object>
</annotation>
