<annotation>
	<folder>Annotations</folder>
	<filename>cat.111.jpg</filename>
	<path>C:\Users\boys\Desktop\VOC2007\Annotations\cat.111.jpg</path>
	<source>
		<database>Unknown</database>
	</source>
	<size>
		<width>350</width>
		<height>262</height>
		<depth>3</depth>
	</size>
	<segmented>0</segmented>
	<object>
		<name>cat</name>
		<pose>Unspecified</pose>
		<truncated>0</truncated>
		<difficult>0</difficult>
		<bndbox>
			<xmin>11</xmin>
			<ymin>31</ymin>
			<xmax>335</xmax>
			<ymax>254</ymax>
		</bndbox>
	</object>
</annotation>
