<annotation>
	<folder>Annotations</folder>
	<filename>cat.35.jpg</filename>
	<path>C:\Users\boys\Desktop\VOC2007\Annotations\cat.35.jpg</path>
	<source>
		<database>Unknown</database>
	</source>
	<size>
		<width>291</width>
		<height>255</height>
		<depth>3</depth>
	</size>
	<segmented>0</segmented>
	<object>
		<name>cat</name>
		<pose>Unspecified</pose>
		<truncated>1</truncated>
		<difficult>0</difficult>
		<bndbox>
			<xmin>39</xmin>
			<ymin>31</ymin>
			<xmax>291</xmax>
			<ymax>255</ymax>
		</bndbox>
	</object>
</annotation>
