<annotation>
	<folder>Annotations</folder>
	<filename>cat.137.jpg</filename>
	<path>C:\Users\boys\Desktop\VOC2007\Annotations\cat.137.jpg</path>
	<source>
		<database>Unknown</database>
	</source>
	<size>
		<width>476</width>
		<height>299</height>
		<depth>3</depth>
	</size>
	<segmented>0</segmented>
	<object>
		<name>cat</name>
		<pose>Unspecified</pose>
		<truncated>0</truncated>
		<difficult>0</difficult>
		<bndbox>
			<xmin>24</xmin>
			<ymin>30</ymin>
			<xmax>456</xmax>
			<ymax>277</ymax>
		</bndbox>
	</object>
</annotation>
