<annotation>
	<folder>Annotations</folder>
	<filename>cat.25.jpg</filename>
	<path>C:\Users\boys\Desktop\VOC2007\Annotations\cat.25.jpg</path>
	<source>
		<database>Unknown</database>
	</source>
	<size>
		<width>395</width>
		<height>454</height>
		<depth>3</depth>
	</size>
	<segmented>0</segmented>
	<object>
		<name>cat</name>
		<pose>Unspecified</pose>
		<truncated>1</truncated>
		<difficult>0</difficult>
		<bndbox>
			<xmin>4</xmin>
			<ymin>7</ymin>
			<xmax>388</xmax>
			<ymax>454</ymax>
		</bndbox>
	</object>
</annotation>
