<annotation>
	<folder>Annotations</folder>
	<filename>cat.53.jpg</filename>
	<path>C:\Users\boys\Desktop\VOC2007\Annotations\cat.53.jpg</path>
	<source>
		<database>Unknown</database>
	</source>
	<size>
		<width>300</width>
		<height>224</height>
		<depth>3</depth>
	</size>
	<segmented>0</segmented>
	<object>
		<name>cat</name>
		<pose>Unspecified</pose>
		<truncated>0</truncated>
		<difficult>0</difficult>
		<bndbox>
			<xmin>124</xmin>
			<ymin>25</ymin>
			<xmax>295</xmax>
			<ymax>200</ymax>
		</bndbox>
	</object>
</annotation>
