<annotation>
	<folder>Annotations</folder>
	<filename>cat.14.jpg</filename>
	<path>C:\Users\boys\Desktop\VOC2007\Annotations\cat.14.jpg</path>
	<source>
		<database>Unknown</database>
	</source>
	<size>
		<width>500</width>
		<height>479</height>
		<depth>3</depth>
	</size>
	<segmented>0</segmented>
	<object>
		<name>cat</name>
		<pose>Unspecified</pose>
		<truncated>1</truncated>
		<difficult>0</difficult>
		<bndbox>
			<xmin>19</xmin>
			<ymin>2</ymin>
			<xmax>500</xmax>
			<ymax>479</ymax>
		</bndbox>
	</object>
</annotation>
