<annotation>
	<folder>Annotations</folder>
	<filename>cat.117.jpg</filename>
	<path>C:\Users\boys\Desktop\VOC2007\Annotations\cat.117.jpg</path>
	<source>
		<database>Unknown</database>
	</source>
	<size>
		<width>374</width>
		<height>500</height>
		<depth>3</depth>
	</size>
	<segmented>0</segmented>
	<object>
		<name>cat</name>
		<pose>Unspecified</pose>
		<truncated>1</truncated>
		<difficult>0</difficult>
		<bndbox>
			<xmin>5</xmin>
			<ymin>4</ymin>
			<xmax>362</xmax>
			<ymax>500</ymax>
		</bndbox>
	</object>
</annotation>
