<annotation>
	<folder>Annotations</folder>
	<filename>cat.80.jpg</filename>
	<path>C:\Users\boys\Desktop\VOC2007\Annotations\cat.80.jpg</path>
	<source>
		<database>Unknown</database>
	</source>
	<size>
		<width>99</width>
		<height>94</height>
		<depth>3</depth>
	</size>
	<segmented>0</segmented>
	<object>
		<name>cat</name>
		<pose>Unspecified</pose>
		<truncated>0</truncated>
		<difficult>0</difficult>
		<bndbox>
			<xmin>2</xmin>
			<ymin>6</ymin>
			<xmax>98</xmax>
			<ymax>93</ymax>
		</bndbox>
	</object>
</annotation>
