<annotation>
	<folder>Annotations</folder>
	<filename>cat.132.jpg</filename>
	<path>C:\Users\boys\Desktop\VOC2007\Annotations\cat.132.jpg</path>
	<source>
		<database>Unknown</database>
	</source>
	<size>
		<width>450</width>
		<height>367</height>
		<depth>3</depth>
	</size>
	<segmented>0</segmented>
	<object>
		<name>cat</name>
		<pose>Unspecified</pose>
		<truncated>0</truncated>
		<difficult>0</difficult>
		<bndbox>
			<xmin>62</xmin>
			<ymin>33</ymin>
			<xmax>375</xmax>
			<ymax>275</ymax>
		</bndbox>
	</object>
</annotation>
