<annotation>
	<folder>Annotations</folder>
	<filename>cat.123.jpg</filename>
	<path>C:\Users\boys\Desktop\VOC2007\Annotations\cat.123.jpg</path>
	<source>
		<database>Unknown</database>
	</source>
	<size>
		<width>343</width>
		<height>359</height>
		<depth>3</depth>
	</size>
	<segmented>0</segmented>
	<object>
		<name>cat</name>
		<pose>Unspecified</pose>
		<truncated>0</truncated>
		<difficult>0</difficult>
		<bndbox>
			<xmin>20</xmin>
			<ymin>52</ymin>
			<xmax>151</xmax>
			<ymax>202</ymax>
		</bndbox>
	</object>
	<object>
		<name>cat</name>
		<pose>Unspecified</pose>
		<truncated>0</truncated>
		<difficult>0</difficult>
		<bndbox>
			<xmin>135</xmin>
			<ymin>12</ymin>
			<xmax>313</xmax>
			<ymax>342</ymax>
		</bndbox>
	</object>
</annotation>
