<annotation>
	<folder>Annotations</folder>
	<filename>cat.22.jpg</filename>
	<path>C:\Users\boys\Desktop\VOC2007\Annotations\cat.22.jpg</path>
	<source>
		<database>Unknown</database>
	</source>
	<size>
		<width>499</width>
		<height>375</height>
		<depth>3</depth>
	</size>
	<segmented>0</segmented>
	<object>
		<name>cat</name>
		<pose>Unspecified</pose>
		<truncated>0</truncated>
		<difficult>0</difficult>
		<bndbox>
			<xmin>4</xmin>
			<ymin>17</ymin>
			<xmax>498</xmax>
			<ymax>371</ymax>
		</bndbox>
	</object>
</annotation>
