<annotation>
	<folder>Annotations</folder>
	<filename>cat.129.jpg</filename>
	<path>C:\Users\boys\Desktop\VOC2007\Annotations\cat.129.jpg</path>
	<source>
		<database>Unknown</database>
	</source>
	<size>
		<width>480</width>
		<height>318</height>
		<depth>3</depth>
	</size>
	<segmented>0</segmented>
	<object>
		<name>cat</name>
		<pose>Unspecified</pose>
		<truncated>1</truncated>
		<difficult>0</difficult>
		<bndbox>
			<xmin>3</xmin>
			<ymin>3</ymin>
			<xmax>444</xmax>
			<ymax>318</ymax>
		</bndbox>
	</object>
</annotation>
