<annotation>
	<folder>Annotations</folder>
	<filename>cat.120.jpg</filename>
	<path>C:\Users\boys\Desktop\VOC2007\Annotations\cat.120.jpg</path>
	<source>
		<database>Unknown</database>
	</source>
	<size>
		<width>375</width>
		<height>357</height>
		<depth>3</depth>
	</size>
	<segmented>0</segmented>
	<object>
		<name>cat</name>
		<pose>Unspecified</pose>
		<truncated>1</truncated>
		<difficult>0</difficult>
		<bndbox>
			<xmin>29</xmin>
			<ymin>1</ymin>
			<xmax>375</xmax>
			<ymax>355</ymax>
		</bndbox>
	</object>
</annotation>
