<annotation>
	<folder>Annotations</folder>
	<filename>cat.18.jpg</filename>
	<path>C:\Users\boys\Desktop\VOC2007\Annotations\cat.18.jpg</path>
	<source>
		<database>Unknown</database>
	</source>
	<size>
		<width>499</width>
		<height>375</height>
		<depth>3</depth>
	</size>
	<segmented>0</segmented>
	<object>
		<name>cat</name>
		<pose>Unspecified</pose>
		<truncated>0</truncated>
		<difficult>0</difficult>
		<bndbox>
			<xmin>58</xmin>
			<ymin>7</ymin>
			<xmax>494</xmax>
			<ymax>363</ymax>
		</bndbox>
	</object>
</annotation>
