<annotation>
	<folder>Annotations</folder>
	<filename>cat.65.jpg</filename>
	<path>C:\Users\boys\Desktop\VOC2007\Annotations\cat.65.jpg</path>
	<source>
		<database>Unknown</database>
	</source>
	<size>
		<width>265</width>
		<height>400</height>
		<depth>3</depth>
	</size>
	<segmented>0</segmented>
	<object>
		<name>cat</name>
		<pose>Unspecified</pose>
		<truncated>1</truncated>
		<difficult>0</difficult>
		<bndbox>
			<xmin>18</xmin>
			<ymin>6</ymin>
			<xmax>265</xmax>
			<ymax>389</ymax>
		</bndbox>
	</object>
</annotation>
