<annotation>
	<folder>Annotations</folder>
	<filename>cat.11.jpg</filename>
	<path>C:\Users\boys\Desktop\VOC2007\Annotations\cat.11.jpg</path>
	<source>
		<database>Unknown</database>
	</source>
	<size>
		<width>149</width>
		<height>163</height>
		<depth>3</depth>
	</size>
	<segmented>0</segmented>
	<object>
		<name>cat</name>
		<pose>Unspecified</pose>
		<truncated>1</truncated>
		<difficult>0</difficult>
		<bndbox>
			<xmin>2</xmin>
			<ymin>3</ymin>
			<xmax>149</xmax>
			<ymax>163</ymax>
		</bndbox>
	</object>
</annotation>
