<annotation>
	<folder>Annotations</folder>
	<filename>cat.5.jpg</filename>
	<path>C:\Users\boys\Desktop\VOC2007\Annotations\cat.5.jpg</path>
	<source>
		<database>Unknown</database>
	</source>
	<size>
		<width>346</width>
		<height>299</height>
		<depth>3</depth>
	</size>
	<segmented>0</segmented>
	<object>
		<name>cat</name>
		<pose>Unspecified</pose>
		<truncated>1</truncated>
		<difficult>0</difficult>
		<bndbox>
			<xmin>48</xmin>
			<ymin>5</ymin>
			<xmax>346</xmax>
			<ymax>299</ymax>
		</bndbox>
	</object>
</annotation>
