<annotation>
	<folder>Annotations</folder>
	<filename>cat.27.jpg</filename>
	<path>C:\Users\boys\Desktop\VOC2007\Annotations\cat.27.jpg</path>
	<source>
		<database>Unknown</database>
	</source>
	<size>
		<width>280</width>
		<height>235</height>
		<depth>3</depth>
	</size>
	<segmented>0</segmented>
	<object>
		<name>cat</name>
		<pose>Unspecified</pose>
		<truncated>1</truncated>
		<difficult>0</difficult>
		<bndbox>
			<xmin>7</xmin>
			<ymin>5</ymin>
			<xmax>280</xmax>
			<ymax>235</ymax>
		</bndbox>
	</object>
</annotation>
