<annotation>
	<folder>Annotations</folder>
	<filename>cat.46.jpg</filename>
	<path>C:\Users\boys\Desktop\VOC2007\Annotations\cat.46.jpg</path>
	<source>
		<database>Unknown</database>
	</source>
	<size>
		<width>379</width>
		<height>499</height>
		<depth>3</depth>
	</size>
	<segmented>0</segmented>
	<object>
		<name>cat</name>
		<pose>Unspecified</pose>
		<truncated>1</truncated>
		<difficult>0</difficult>
		<bndbox>
			<xmin>65</xmin>
			<ymin>39</ymin>
			<xmax>371</xmax>
			<ymax>499</ymax>
		</bndbox>
	</object>
</annotation>
