<annotation>
	<folder>Annotations</folder>
	<filename>cat.10.jpg</filename>
	<path>C:\Users\boys\Desktop\VOC2007\Annotations\cat.10.jpg</path>
	<source>
		<database>Unknown</database>
	</source>
	<size>
		<width>461</width>
		<height>499</height>
		<depth>3</depth>
	</size>
	<segmented>0</segmented>
	<object>
		<name>cat</name>
		<pose>Unspecified</pose>
		<truncated>0</truncated>
		<difficult>0</difficult>
		<bndbox>
			<xmin>10</xmin>
			<ymin>28</ymin>
			<xmax>453</xmax>
			<ymax>497</ymax>
		</bndbox>
	</object>
</annotation>
