<annotation>
	<folder>Annotations</folder>
	<filename>cat.36.jpg</filename>
	<path>C:\Users\boys\Desktop\VOC2007\Annotations\cat.36.jpg</path>
	<source>
		<database>Unknown</database>
	</source>
	<size>
		<width>382</width>
		<height>335</height>
		<depth>3</depth>
	</size>
	<segmented>0</segmented>
	<object>
		<name>cat</name>
		<pose>Unspecified</pose>
		<truncated>1</truncated>
		<difficult>0</difficult>
		<bndbox>
			<xmin>29</xmin>
			<ymin>11</ymin>
			<xmax>377</xmax>
			<ymax>335</ymax>
		</bndbox>
	</object>
</annotation>
