<annotation>
	<folder>Annotations</folder>
	<filename>cat.43.jpg</filename>
	<path>C:\Users\boys\Desktop\VOC2007\Annotations\cat.43.jpg</path>
	<source>
		<database>Unknown</database>
	</source>
	<size>
		<width>402</width>
		<height>427</height>
		<depth>3</depth>
	</size>
	<segmented>0</segmented>
	<object>
		<name>cat</name>
		<pose>Unspecified</pose>
		<truncated>0</truncated>
		<difficult>0</difficult>
		<bndbox>
			<xmin>17</xmin>
			<ymin>15</ymin>
			<xmax>383</xmax>
			<ymax>401</ymax>
		</bndbox>
	</object>
</annotation>
