<annotation>
	<folder>Annotations</folder>
	<filename>cat.79.jpg</filename>
	<path>C:\Users\boys\Desktop\VOC2007\Annotations\cat.79.jpg</path>
	<source>
		<database>Unknown</database>
	</source>
	<size>
		<width>299</width>
		<height>269</height>
		<depth>3</depth>
	</size>
	<segmented>0</segmented>
	<object>
		<name>cat</name>
		<pose>Unspecified</pose>
		<truncated>1</truncated>
		<difficult>0</difficult>
		<bndbox>
			<xmin>13</xmin>
			<ymin>17</ymin>
			<xmax>299</xmax>
			<ymax>262</ymax>
		</bndbox>
	</object>
</annotation>
