<annotation>
	<folder>Annotations</folder>
	<filename>cat.128.jpg</filename>
	<path>C:\Users\boys\Desktop\VOC2007\Annotations\cat.128.jpg</path>
	<source>
		<database>Unknown</database>
	</source>
	<size>
		<width>338</width>
		<height>440</height>
		<depth>3</depth>
	</size>
	<segmented>0</segmented>
	<object>
		<name>cat</name>
		<pose>Unspecified</pose>
		<truncated>1</truncated>
		<difficult>0</difficult>
		<bndbox>
			<xmin>15</xmin>
			<ymin>15</ymin>
			<xmax>307</xmax>
			<ymax>440</ymax>
		</bndbox>
	</object>
</annotation>
