<annotation>
	<folder>Annotations</folder>
	<filename>cat.83.jpg</filename>
	<path>C:\Users\boys\Desktop\VOC2007\Annotations\cat.83.jpg</path>
	<source>
		<database>Unknown</database>
	</source>
	<size>
		<width>499</width>
		<height>396</height>
		<depth>3</depth>
	</size>
	<segmented>0</segmented>
	<object>
		<name>cat</name>
		<pose>Unspecified</pose>
		<truncated>1</truncated>
		<difficult>0</difficult>
		<bndbox>
			<xmin>25</xmin>
			<ymin>3</ymin>
			<xmax>499</xmax>
			<ymax>396</ymax>
		</bndbox>
	</object>
</annotation>
