<annotation>
	<folder>Annotations</folder>
	<filename>cat.90.jpg</filename>
	<path>C:\Users\boys\Desktop\VOC2007\Annotations\cat.90.jpg</path>
	<source>
		<database>Unknown</database>
	</source>
	<size>
		<width>421</width>
		<height>500</height>
		<depth>3</depth>
	</size>
	<segmented>0</segmented>
	<object>
		<name>cat</name>
		<pose>Unspecified</pose>
		<truncated>1</truncated>
		<difficult>0</difficult>
		<bndbox>
			<xmin>42</xmin>
			<ymin>87</ymin>
			<xmax>409</xmax>
			<ymax>500</ymax>
		</bndbox>
	</object>
</annotation>
