<annotation>
	<folder>Annotations</folder>
	<filename>dog.154.jpg</filename>
	<path>C:\Users\boys\Desktop\VOC2007\Annotations\dog.154.jpg</path>
	<source>
		<database>Unknown</database>
	</source>
	<size>
		<width>100</width>
		<height>99</height>
		<depth>3</depth>
	</size>
	<segmented>0</segmented>
	<object>
		<name>dog</name>
		<pose>Unspecified</pose>
		<truncated>0</truncated>
		<difficult>0</difficult>
		<bndbox>
			<xmin>6</xmin>
			<ymin>6</ymin>
			<xmax>94</xmax>
			<ymax>98</ymax>
		</bndbox>
	</object>
</annotation>
