<annotation>
	<folder>Annotations</folder>
	<filename>dog.268.jpg</filename>
	<path>C:\Users\boys\Desktop\VOC2007\Annotations\dog.268.jpg</path>
	<source>
		<database>Unknown</database>
	</source>
	<size>
		<width>174</width>
		<height>200</height>
		<depth>3</depth>
	</size>
	<segmented>0</segmented>
	<object>
		<name>dog</name>
		<pose>Unspecified</pose>
		<truncated>0</truncated>
		<difficult>0</difficult>
		<bndbox>
			<xmin>24</xmin>
			<ymin>9</ymin>
			<xmax>170</xmax>
			<ymax>195</ymax>
		</bndbox>
	</object>
</annotation>
