<annotation>
	<folder>Annotations</folder>
	<filename>dog.195.jpg</filename>
	<path>C:\Users\boys\Desktop\VOC2007\Annotations\dog.195.jpg</path>
	<source>
		<database>Unknown</database>
	</source>
	<size>
		<width>341</width>
		<height>500</height>
		<depth>3</depth>
	</size>
	<segmented>0</segmented>
	<object>
		<name>dog</name>
		<pose>Unspecified</pose>
		<truncated>0</truncated>
		<difficult>0</difficult>
		<bndbox>
			<xmin>152</xmin>
			<ymin>17</ymin>
			<xmax>298</xmax>
			<ymax>196</ymax>
		</bndbox>
	</object>
	<object>
		<name>dog</name>
		<pose>Unspecified</pose>
		<truncated>0</truncated>
		<difficult>0</difficult>
		<bndbox>
			<xmin>26</xmin>
			<ymin>244</ymin>
			<xmax>249</xmax>
			<ymax>425</ymax>
		</bndbox>
	</object>
</annotation>
