<annotation>
	<folder>Annotations</folder>
	<filename>dog.254.jpg</filename>
	<path>C:\Users\boys\Desktop\VOC2007\Annotations\dog.254.jpg</path>
	<source>
		<database>Unknown</database>
	</source>
	<size>
		<width>198</width>
		<height>368</height>
		<depth>3</depth>
	</size>
	<segmented>0</segmented>
	<object>
		<name>dog</name>
		<pose>Unspecified</pose>
		<truncated>1</truncated>
		<difficult>0</difficult>
		<bndbox>
			<xmin>9</xmin>
			<ymin>14</ymin>
			<xmax>183</xmax>
			<ymax>368</ymax>
		</bndbox>
	</object>
</annotation>
