<annotation>
	<folder>Annotations</folder>
	<filename>dog.191.jpg</filename>
	<path>C:\Users\boys\Desktop\VOC2007\Annotations\dog.191.jpg</path>
	<source>
		<database>Unknown</database>
	</source>
	<size>
		<width>445</width>
		<height>334</height>
		<depth>3</depth>
	</size>
	<segmented>0</segmented>
	<object>
		<name>dog</name>
		<pose>Unspecified</pose>
		<truncated>0</truncated>
		<difficult>0</difficult>
		<bndbox>
			<xmin>141</xmin>
			<ymin>75</ymin>
			<xmax>307</xmax>
			<ymax>235</ymax>
		</bndbox>
	</object>
</annotation>
