<annotation>
	<folder>Annotations</folder>
	<filename>dog.253.jpg</filename>
	<path>C:\Users\boys\Desktop\VOC2007\Annotations\dog.253.jpg</path>
	<source>
		<database>Unknown</database>
	</source>
	<size>
		<width>174</width>
		<height>200</height>
		<depth>3</depth>
	</size>
	<segmented>0</segmented>
	<object>
		<name>dog</name>
		<pose>Unspecified</pose>
		<truncated>1</truncated>
		<difficult>0</difficult>
		<bndbox>
			<xmin>7</xmin>
			<ymin>17</ymin>
			<xmax>174</xmax>
			<ymax>200</ymax>
		</bndbox>
	</object>
</annotation>
