<annotation>
	<folder>Annotations</folder>
	<filename>dog.199.jpg</filename>
	<path>C:\Users\boys\Desktop\VOC2007\Annotations\dog.199.jpg</path>
	<source>
		<database>Unknown</database>
	</source>
	<size>
		<width>499</width>
		<height>375</height>
		<depth>3</depth>
	</size>
	<segmented>0</segmented>
	<object>
		<name>dog</name>
		<pose>Unspecified</pose>
		<truncated>0</truncated>
		<difficult>0</difficult>
		<bndbox>
			<xmin>142</xmin>
			<ymin>29</ymin>
			<xmax>348</xmax>
			<ymax>355</ymax>
		</bndbox>
	</object>
</annotation>
