<annotation>
	<folder>Annotations</folder>
	<filename>dog.256.jpg</filename>
	<path>C:\Users\boys\Desktop\VOC2007\Annotations\dog.256.jpg</path>
	<source>
		<database>Unknown</database>
	</source>
	<size>
		<width>500</width>
		<height>374</height>
		<depth>3</depth>
	</size>
	<segmented>0</segmented>
	<object>
		<name>dog</name>
		<pose>Unspecified</pose>
		<truncated>0</truncated>
		<difficult>0</difficult>
		<bndbox>
			<xmin>163</xmin>
			<ymin>91</ymin>
			<xmax>295</xmax>
			<ymax>296</ymax>
		</bndbox>
	</object>
	<object>
		<name>dog</name>
		<pose>Unspecified</pose>
		<truncated>0</truncated>
		<difficult>0</difficult>
		<bndbox>
			<xmin>271</xmin>
			<ymin>93</ymin>
			<xmax>419</xmax>
			<ymax>290</ymax>
		</bndbox>
	</object>
</annotation>
