<annotation>
	<folder>Annotations</folder>
	<filename>dog.169.jpg</filename>
	<path>C:\Users\boys\Desktop\VOC2007\Annotations\dog.169.jpg</path>
	<source>
		<database>Unknown</database>
	</source>
	<size>
		<width>200</width>
		<height>116</height>
		<depth>3</depth>
	</size>
	<segmented>0</segmented>
	<object>
		<name>0</name>
		<pose>Unspecified</pose>
		<truncated>0</truncated>
		<difficult>0</difficult>
		<bndbox>
			<xmin>104</xmin>
			<ymin>44</ymin>
			<xmax>108</xmax>
			<ymax>47</ymax>
		</bndbox>
	</object>
</annotation>
