<annotation>
	<folder>Annotations</folder>
	<filename>dog.291.jpg</filename>
	<path>C:\Users\boys\Desktop\VOC2007\Annotations\dog.291.jpg</path>
	<source>
		<database>Unknown</database>
	</source>
	<size>
		<width>377</width>
		<height>348</height>
		<depth>3</depth>
	</size>
	<segmented>0</segmented>
	<object>
		<name>dog</name>
		<pose>Unspecified</pose>
		<truncated>0</truncated>
		<difficult>0</difficult>
		<bndbox>
			<xmin>2</xmin>
			<ymin>21</ymin>
			<xmax>341</xmax>
			<ymax>346</ymax>
		</bndbox>
	</object>
</annotation>
