<annotation>
	<folder>Annotations</folder>
	<filename>dog.251.jpg</filename>
	<path>C:\Users\boys\Desktop\VOC2007\Annotations\dog.251.jpg</path>
	<source>
		<database>Unknown</database>
	</source>
	<size>
		<width>286</width>
		<height>216</height>
		<depth>3</depth>
	</size>
	<segmented>0</segmented>
	<object>
		<name>dog</name>
		<pose>Unspecified</pose>
		<truncated>1</truncated>
		<difficult>0</difficult>
		<bndbox>
			<xmin>23</xmin>
			<ymin>4</ymin>
			<xmax>255</xmax>
			<ymax>216</ymax>
		</bndbox>
	</object>
</annotation>
