<annotation>
	<folder>Annotations</folder>
	<filename>dog.204.jpg</filename>
	<path>C:\Users\boys\Desktop\VOC2007\Annotations\dog.204.jpg</path>
	<source>
		<database>Unknown</database>
	</source>
	<size>
		<width>374</width>
		<height>454</height>
		<depth>3</depth>
	</size>
	<segmented>0</segmented>
	<object>
		<name>dog</name>
		<pose>Unspecified</pose>
		<truncated>1</truncated>
		<difficult>0</difficult>
		<bndbox>
			<xmin>28</xmin>
			<ymin>36</ymin>
			<xmax>374</xmax>
			<ymax>439</ymax>
		</bndbox>
	</object>
</annotation>
