<annotation>
	<folder>Annotations</folder>
	<filename>dog.247.jpg</filename>
	<path>C:\Users\boys\Desktop\VOC2007\Annotations\dog.247.jpg</path>
	<source>
		<database>Unknown</database>
	</source>
	<size>
		<width>500</width>
		<height>374</height>
		<depth>3</depth>
	</size>
	<segmented>0</segmented>
	<object>
		<name>dog</name>
		<pose>Unspecified</pose>
		<truncated>0</truncated>
		<difficult>0</difficult>
		<bndbox>
			<xmin>81</xmin>
			<ymin>160</ymin>
			<xmax>337</xmax>
			<ymax>339</ymax>
		</bndbox>
	</object>
</annotation>
