<annotation>
	<folder>Annotations</folder>
	<filename>dog.208.jpg</filename>
	<path>C:\Users\boys\Desktop\VOC2007\Annotations\dog.208.jpg</path>
	<source>
		<database>Unknown</database>
	</source>
	<size>
		<width>429</width>
		<height>460</height>
		<depth>3</depth>
	</size>
	<segmented>0</segmented>
	<object>
		<name>dog</name>
		<pose>Unspecified</pose>
		<truncated>1</truncated>
		<difficult>0</difficult>
		<bndbox>
			<xmin>82</xmin>
			<ymin>31</ymin>
			<xmax>393</xmax>
			<ymax>460</ymax>
		</bndbox>
	</object>
</annotation>
