<annotation>
	<folder>Annotations</folder>
	<filename>dog.270.jpg</filename>
	<path>C:\Users\boys\Desktop\VOC2007\Annotations\dog.270.jpg</path>
	<source>
		<database>Unknown</database>
	</source>
	<size>
		<width>288</width>
		<height>268</height>
		<depth>3</depth>
	</size>
	<segmented>0</segmented>
	<object>
		<name>dog</name>
		<pose>Unspecified</pose>
		<truncated>0</truncated>
		<difficult>0</difficult>
		<bndbox>
			<xmin>51</xmin>
			<ymin>34</ymin>
			<xmax>236</xmax>
			<ymax>242</ymax>
		</bndbox>
	</object>
</annotation>
