<annotation>
	<folder>Annotations</folder>
	<filename>dog.277.jpg</filename>
	<path>C:\Users\boys\Desktop\VOC2007\Annotations\dog.277.jpg</path>
	<source>
		<database>Unknown</database>
	</source>
	<size>
		<width>319</width>
		<height>199</height>
		<depth>3</depth>
	</size>
	<segmented>0</segmented>
	<object>
		<name>dog</name>
		<pose>Unspecified</pose>
		<truncated>0</truncated>
		<difficult>0</difficult>
		<bndbox>
			<xmin>28</xmin>
			<ymin>22</ymin>
			<xmax>310</xmax>
			<ymax>181</ymax>
		</bndbox>
	</object>
</annotation>
