<annotation>
	<folder>Annotations</folder>
	<filename>dog.203.jpg</filename>
	<path>C:\Users\boys\Desktop\VOC2007\Annotations\dog.203.jpg</path>
	<source>
		<database>Unknown</database>
	</source>
	<size>
		<width>500</width>
		<height>337</height>
		<depth>3</depth>
	</size>
	<segmented>0</segmented>
	<object>
		<name>dog</name>
		<pose>Unspecified</pose>
		<truncated>0</truncated>
		<difficult>0</difficult>
		<bndbox>
			<xmin>202</xmin>
			<ymin>74</ymin>
			<xmax>360</xmax>
			<ymax>206</ymax>
		</bndbox>
	</object>
	<object>
		<name>dog</name>
		<pose>Unspecified</pose>
		<truncated>0</truncated>
		<difficult>0</difficult>
		<bndbox>
			<xmin>194</xmin>
			<ymin>159</ymin>
			<xmax>402</xmax>
			<ymax>290</ymax>
		</bndbox>
	</object>
</annotation>
