<annotation>
	<folder>Annotations</folder>
	<filename>dog.227.jpg</filename>
	<path>C:\Users\boys\Desktop\VOC2007\Annotations\dog.227.jpg</path>
	<source>
		<database>Unknown</database>
	</source>
	<size>
		<width>499</width>
		<height>422</height>
		<depth>3</depth>
	</size>
	<segmented>0</segmented>
	<object>
		<name>dog</name>
		<pose>Unspecified</pose>
		<truncated>0</truncated>
		<difficult>0</difficult>
		<bndbox>
			<xmin>10</xmin>
			<ymin>35</ymin>
			<xmax>474</xmax>
			<ymax>394</ymax>
		</bndbox>
	</object>
</annotation>
