<annotation>
	<folder>Annotations</folder>
	<filename>dog.163.jpg</filename>
	<path>C:\Users\boys\Desktop\VOC2007\Annotations\dog.163.jpg</path>
	<source>
		<database>Unknown</database>
	</source>
	<size>
		<width>448</width>
		<height>335</height>
		<depth>3</depth>
	</size>
	<segmented>0</segmented>
	<object>
		<name>dog</name>
		<pose>Unspecified</pose>
		<truncated>1</truncated>
		<difficult>0</difficult>
		<bndbox>
			<xmin>74</xmin>
			<ymin>30</ymin>
			<xmax>438</xmax>
			<ymax>335</ymax>
		</bndbox>
	</object>
</annotation>
