<annotation>
	<folder>Annotations</folder>
	<filename>dog.151.jpg</filename>
	<path>C:\Users\boys\Desktop\VOC2007\Annotations\dog.151.jpg</path>
	<source>
		<database>Unknown</database>
	</source>
	<size>
		<width>424</width>
		<height>500</height>
		<depth>3</depth>
	</size>
	<segmented>0</segmented>
	<object>
		<name>dog</name>
		<pose>Unspecified</pose>
		<truncated>1</truncated>
		<difficult>0</difficult>
		<bndbox>
			<xmin>20</xmin>
			<ymin>20</ymin>
			<xmax>412</xmax>
			<ymax>500</ymax>
		</bndbox>
	</object>
</annotation>
