<annotation>
	<folder>Annotations</folder>
	<filename>dog.190.jpg</filename>
	<path>C:\Users\boys\Desktop\VOC2007\Annotations\dog.190.jpg</path>
	<source>
		<database>Unknown</database>
	</source>
	<size>
		<width>499</width>
		<height>344</height>
		<depth>3</depth>
	</size>
	<segmented>0</segmented>
	<object>
		<name>dog</name>
		<pose>Unspecified</pose>
		<truncated>0</truncated>
		<difficult>0</difficult>
		<bndbox>
			<xmin>26</xmin>
			<ymin>45</ymin>
			<xmax>456</xmax>
			<ymax>287</ymax>
		</bndbox>
	</object>
</annotation>
