<annotation>
	<folder>Annotations</folder>
	<filename>dog.158.jpg</filename>
	<path>C:\Users\boys\Desktop\VOC2007\Annotations\dog.158.jpg</path>
	<source>
		<database>Unknown</database>
	</source>
	<size>
		<width>499</width>
		<height>332</height>
		<depth>3</depth>
	</size>
	<segmented>0</segmented>
	<object>
		<name>dog</name>
		<pose>Unspecified</pose>
		<truncated>1</truncated>
		<difficult>0</difficult>
		<bndbox>
			<xmin>9</xmin>
			<ymin>12</ymin>
			<xmax>478</xmax>
			<ymax>332</ymax>
		</bndbox>
	</object>
</annotation>
