<annotation>
	<folder>Annotations</folder>
	<filename>dog.222.jpg</filename>
	<path>C:\Users\boys\Desktop\VOC2007\Annotations\dog.222.jpg</path>
	<source>
		<database>Unknown</database>
	</source>
	<size>
		<width>399</width>
		<height>462</height>
		<depth>3</depth>
	</size>
	<segmented>0</segmented>
	<object>
		<name>dog</name>
		<pose>Unspecified</pose>
		<truncated>1</truncated>
		<difficult>0</difficult>
		<bndbox>
			<xmin>20</xmin>
			<ymin>28</ymin>
			<xmax>399</xmax>
			<ymax>462</ymax>
		</bndbox>
	</object>
</annotation>
