<annotation>
	<folder>Annotations</folder>
	<filename>dog.152.jpg</filename>
	<path>C:\Users\boys\Desktop\VOC2007\Annotations\dog.152.jpg</path>
	<source>
		<database>Unknown</database>
	</source>
	<size>
		<width>350</width>
		<height>261</height>
		<depth>3</depth>
	</size>
	<segmented>0</segmented>
	<object>
		<name>dog</name>
		<pose>Unspecified</pose>
		<truncated>1</truncated>
		<difficult>0</difficult>
		<bndbox>
			<xmin>73</xmin>
			<ymin>12</ymin>
			<xmax>317</xmax>
			<ymax>261</ymax>
		</bndbox>
	</object>
</annotation>
