<annotation>
	<folder>Annotations</folder>
	<filename>dog.285.jpg</filename>
	<path>C:\Users\boys\Desktop\VOC2007\Annotations\dog.285.jpg</path>
	<source>
		<database>Unknown</database>
	</source>
	<size>
		<width>499</width>
		<height>403</height>
		<depth>3</depth>
	</size>
	<segmented>0</segmented>
	<object>
		<name>dog</name>
		<pose>Unspecified</pose>
		<truncated>1</truncated>
		<difficult>0</difficult>
		<bndbox>
			<xmin>3</xmin>
			<ymin>62</ymin>
			<xmax>496</xmax>
			<ymax>403</ymax>
		</bndbox>
	</object>
</annotation>
