<annotation>
	<folder>Annotations</folder>
	<filename>dog.216.jpg</filename>
	<path>C:\Users\boys\Desktop\VOC2007\Annotations\dog.216.jpg</path>
	<source>
		<database>Unknown</database>
	</source>
	<size>
		<width>349</width>
		<height>483</height>
		<depth>3</depth>
	</size>
	<segmented>0</segmented>
	<object>
		<name>dog</name>
		<pose>Unspecified</pose>
		<truncated>0</truncated>
		<difficult>0</difficult>
		<bndbox>
			<xmin>60</xmin>
			<ymin>151</ymin>
			<xmax>203</xmax>
			<ymax>390</ymax>
		</bndbox>
	</object>
	<object>
		<name>dog</name>
		<pose>Unspecified</pose>
		<truncated>0</truncated>
		<difficult>0</difficult>
		<bndbox>
			<xmin>195</xmin>
			<ymin>173</ymin>
			<xmax>315</xmax>
			<ymax>415</ymax>
		</bndbox>
	</object>
</annotation>
