<annotation>
	<folder>Annotations</folder>
	<filename>dog.283.jpg</filename>
	<path>C:\Users\boys\Desktop\VOC2007\Annotations\dog.283.jpg</path>
	<source>
		<database>Unknown</database>
	</source>
	<size>
		<width>287</width>
		<height>344</height>
		<depth>3</depth>
	</size>
	<segmented>0</segmented>
	<object>
		<name>dog</name>
		<pose>Unspecified</pose>
		<truncated>1</truncated>
		<difficult>0</difficult>
		<bndbox>
			<xmin>9</xmin>
			<ymin>93</ymin>
			<xmax>282</xmax>
			<ymax>344</ymax>
		</bndbox>
	</object>
</annotation>
