<annotation>
	<folder>Annotations</folder>
	<filename>dog.266.jpg</filename>
	<path>C:\Users\boys\Desktop\VOC2007\Annotations\dog.266.jpg</path>
	<source>
		<database>Unknown</database>
	</source>
	<size>
		<width>492</width>
		<height>499</height>
		<depth>3</depth>
	</size>
	<segmented>0</segmented>
	<object>
		<name>dog</name>
		<pose>Unspecified</pose>
		<truncated>1</truncated>
		<difficult>0</difficult>
		<bndbox>
			<xmin>2</xmin>
			<ymin>5</ymin>
			<xmax>422</xmax>
			<ymax>499</ymax>
		</bndbox>
	</object>
</annotation>
