<annotation>
	<folder>Annotations</folder>
	<filename>dog.192.jpg</filename>
	<path>C:\Users\boys\Desktop\VOC2007\Annotations\dog.192.jpg</path>
	<source>
		<database>Unknown</database>
	</source>
	<size>
		<width>374</width>
		<height>500</height>
		<depth>3</depth>
	</size>
	<segmented>0</segmented>
	<object>
		<name>dog</name>
		<pose>Unspecified</pose>
		<truncated>0</truncated>
		<difficult>0</difficult>
		<bndbox>
			<xmin>5</xmin>
			<ymin>39</ymin>
			<xmax>350</xmax>
			<ymax>495</ymax>
		</bndbox>
	</object>
</annotation>
