<annotation>
	<folder>Annotations</folder>
	<filename>dog.226.jpg</filename>
	<path>C:\Users\boys\Desktop\VOC2007\Annotations\dog.226.jpg</path>
	<source>
		<database>Unknown</database>
	</source>
	<size>
		<width>500</width>
		<height>413</height>
		<depth>3</depth>
	</size>
	<segmented>0</segmented>
	<object>
		<name>dog</name>
		<pose>Unspecified</pose>
		<truncated>1</truncated>
		<difficult>0</difficult>
		<bndbox>
			<xmin>12</xmin>
			<ymin>19</ymin>
			<xmax>459</xmax>
			<ymax>413</ymax>
		</bndbox>
	</object>
</annotation>
