<annotation>
	<folder>Annotations</folder>
	<filename>dog.242.jpg</filename>
	<path>C:\Users\boys\Desktop\VOC2007\Annotations\dog.242.jpg</path>
	<source>
		<database>Unknown</database>
	</source>
	<size>
		<width>180</width>
		<height>179</height>
		<depth>3</depth>
	</size>
	<segmented>0</segmented>
	<object>
		<name>dog</name>
		<pose>Unspecified</pose>
		<truncated>0</truncated>
		<difficult>0</difficult>
		<bndbox>
			<xmin>11</xmin>
			<ymin>12</ymin>
			<xmax>162</xmax>
			<ymax>175</ymax>
		</bndbox>
	</object>
</annotation>
