<annotation>
	<folder>Annotations</folder>
	<filename>dog.207.jpg</filename>
	<path>C:\Users\boys\Desktop\VOC2007\Annotations\dog.207.jpg</path>
	<source>
		<database>Unknown</database>
	</source>
	<size>
		<width>245</width>
		<height>269</height>
		<depth>3</depth>
	</size>
	<segmented>0</segmented>
	<object>
		<name>dog</name>
		<pose>Unspecified</pose>
		<truncated>0</truncated>
		<difficult>0</difficult>
		<bndbox>
			<xmin>4</xmin>
			<ymin>8</ymin>
			<xmax>234</xmax>
			<ymax>259</ymax>
		</bndbox>
	</object>
</annotation>
