<annotation>
	<folder>Annotations</folder>
	<filename>dog.150.jpg</filename>
	<path>C:\Users\boys\Desktop\VOC2007\Annotations\dog.150.jpg</path>
	<source>
		<database>Unknown</database>
	</source>
	<size>
		<width>432</width>
		<height>368</height>
		<depth>3</depth>
	</size>
	<segmented>0</segmented>
	<object>
		<name>dog</name>
		<pose>Unspecified</pose>
		<truncated>1</truncated>
		<difficult>0</difficult>
		<bndbox>
			<xmin>76</xmin>
			<ymin>30</ymin>
			<xmax>432</xmax>
			<ymax>368</ymax>
		</bndbox>
	</object>
</annotation>
