<annotation>
	<folder>Annotations</folder>
	<filename>dog.160.jpg</filename>
	<path>C:\Users\boys\Desktop\VOC2007\Annotations\dog.160.jpg</path>
	<source>
		<database>Unknown</database>
	</source>
	<size>
		<width>363</width>
		<height>490</height>
		<depth>3</depth>
	</size>
	<segmented>0</segmented>
	<object>
		<name>dog</name>
		<pose>Unspecified</pose>
		<truncated>0</truncated>
		<difficult>0</difficult>
		<bndbox>
			<xmin>3</xmin>
			<ymin>14</ymin>
			<xmax>358</xmax>
			<ymax>485</ymax>
		</bndbox>
	</object>
</annotation>
