<annotation>
	<folder>Annotations</folder>
	<filename>dog.244.jpg</filename>
	<path>C:\Users\boys\Desktop\VOC2007\Annotations\dog.244.jpg</path>
	<source>
		<database>Unknown</database>
	</source>
	<size>
		<width>415</width>
		<height>499</height>
		<depth>3</depth>
	</size>
	<segmented>0</segmented>
	<object>
		<name>dog</name>
		<pose>Unspecified</pose>
		<truncated>0</truncated>
		<difficult>0</difficult>
		<bndbox>
			<xmin>17</xmin>
			<ymin>9</ymin>
			<xmax>403</xmax>
			<ymax>484</ymax>
		</bndbox>
	</object>
</annotation>
