<annotation>
	<folder>Annotations</folder>
	<filename>dog.279.jpg</filename>
	<path>C:\Users\boys\Desktop\VOC2007\Annotations\dog.279.jpg</path>
	<source>
		<database>Unknown</database>
	</source>
	<size>
		<width>460</width>
		<height>470</height>
		<depth>3</depth>
	</size>
	<segmented>0</segmented>
	<object>
		<name>dog</name>
		<pose>Unspecified</pose>
		<truncated>0</truncated>
		<difficult>0</difficult>
		<bndbox>
			<xmin>38</xmin>
			<ymin>48</ymin>
			<xmax>317</xmax>
			<ymax>468</ymax>
		</bndbox>
	</object>
</annotation>
