<annotation>
	<folder>Annotations</folder>
	<filename>dog.162.jpg</filename>
	<path>C:\Users\boys\Desktop\VOC2007\Annotations\dog.162.jpg</path>
	<source>
		<database>Unknown</database>
	</source>
	<size>
		<width>412</width>
		<height>479</height>
		<depth>3</depth>
	</size>
	<segmented>0</segmented>
	<object>
		<name>dog</name>
		<pose>Unspecified</pose>
		<truncated>1</truncated>
		<difficult>0</difficult>
		<bndbox>
			<xmin>54</xmin>
			<ymin>4</ymin>
			<xmax>412</xmax>
			<ymax>479</ymax>
		</bndbox>
	</object>
</annotation>
