<annotation>
	<folder>Annotations</folder>
	<filename>dog.149.jpg</filename>
	<path>C:\Users\boys\Desktop\VOC2007\Annotations\dog.149.jpg</path>
	<source>
		<database>Unknown</database>
	</source>
	<size>
		<width>199</width>
		<height>150</height>
		<depth>3</depth>
	</size>
	<segmented>0</segmented>
	<object>
		<name>dog</name>
		<pose>Unspecified</pose>
		<truncated>0</truncated>
		<difficult>0</difficult>
		<bndbox>
			<xmin>58</xmin>
			<ymin>23</ymin>
			<xmax>174</xmax>
			<ymax>122</ymax>
		</bndbox>
	</object>
</annotation>
