<annotation>
	<folder>Annotations</folder>
	<filename>dog.229.jpg</filename>
	<path>C:\Users\boys\Desktop\VOC2007\Annotations\dog.229.jpg</path>
	<source>
		<database>Unknown</database>
	</source>
	<size>
		<width>500</width>
		<height>374</height>
		<depth>3</depth>
	</size>
	<segmented>0</segmented>
	<object>
		<name>dog</name>
		<pose>Unspecified</pose>
		<truncated>0</truncated>
		<difficult>0</difficult>
		<bndbox>
			<xmin>113</xmin>
			<ymin>61</ymin>
			<xmax>379</xmax>
			<ymax>349</ymax>
		</bndbox>
	</object>
</annotation>
