<annotation>
	<folder>Annotations</folder>
	<filename>dog.176.jpg</filename>
	<path>C:\Users\boys\Desktop\VOC2007\Annotations\dog.176.jpg</path>
	<source>
		<database>Unknown</database>
	</source>
	<size>
		<width>394</width>
		<height>402</height>
		<depth>3</depth>
	</size>
	<segmented>0</segmented>
	<object>
		<name>dog</name>
		<pose>Unspecified</pose>
		<truncated>1</truncated>
		<difficult>0</difficult>
		<bndbox>
			<xmin>21</xmin>
			<ymin>3</ymin>
			<xmax>382</xmax>
			<ymax>402</ymax>
		</bndbox>
	</object>
</annotation>
