<annotation>
	<folder>Annotations</folder>
	<filename>dog.243.jpg</filename>
	<path>C:\Users\boys\Desktop\VOC2007\Annotations\dog.243.jpg</path>
	<source>
		<database>Unknown</database>
	</source>
	<size>
		<width>299</width>
		<height>225</height>
		<depth>3</depth>
	</size>
	<segmented>0</segmented>
	<object>
		<name>dog</name>
		<pose>Unspecified</pose>
		<truncated>1</truncated>
		<difficult>0</difficult>
		<bndbox>
			<xmin>31</xmin>
			<ymin>3</ymin>
			<xmax>202</xmax>
			<ymax>225</ymax>
		</bndbox>
	</object>
</annotation>
