<annotation>
	<folder>Annotations</folder>
	<filename>dog.218.jpg</filename>
	<path>C:\Users\boys\Desktop\VOC2007\Annotations\dog.218.jpg</path>
	<source>
		<database>Unknown</database>
	</source>
	<size>
		<width>425</width>
		<height>492</height>
		<depth>3</depth>
	</size>
	<segmented>0</segmented>
	<object>
		<name>dog</name>
		<pose>Unspecified</pose>
		<truncated>0</truncated>
		<difficult>0</difficult>
		<bndbox>
			<xmin>3</xmin>
			<ymin>53</ymin>
			<xmax>408</xmax>
			<ymax>480</ymax>
		</bndbox>
	</object>
</annotation>
