<annotation>
	<folder>Annotations</folder>
	<filename>dog.286.jpg</filename>
	<path>C:\Users\boys\Desktop\VOC2007\Annotations\dog.286.jpg</path>
	<source>
		<database>Unknown</database>
	</source>
	<size>
		<width>379</width>
		<height>454</height>
		<depth>3</depth>
	</size>
	<segmented>0</segmented>
	<object>
		<name>dog</name>
		<pose>Unspecified</pose>
		<truncated>1</truncated>
		<difficult>0</difficult>
		<bndbox>
			<xmin>10</xmin>
			<ymin>23</ymin>
			<xmax>379</xmax>
			<ymax>437</ymax>
		</bndbox>
	</object>
</annotation>
