<annotation>
	<folder>Annotations</folder>
	<filename>dog.241.jpg</filename>
	<path>C:\Users\boys\Desktop\VOC2007\Annotations\dog.241.jpg</path>
	<source>
		<database>Unknown</database>
	</source>
	<size>
		<width>432</width>
		<height>499</height>
		<depth>3</depth>
	</size>
	<segmented>0</segmented>
	<object>
		<name>dog</name>
		<pose>Unspecified</pose>
		<truncated>0</truncated>
		<difficult>0</difficult>
		<bndbox>
			<xmin>11</xmin>
			<ymin>6</ymin>
			<xmax>406</xmax>
			<ymax>488</ymax>
		</bndbox>
	</object>
</annotation>
