<annotation>
	<folder>Annotations</folder>
	<filename>dog.252.jpg</filename>
	<path>C:\Users\boys\Desktop\VOC2007\Annotations\dog.252.jpg</path>
	<source>
		<database>Unknown</database>
	</source>
	<size>
		<width>500</width>
		<height>459</height>
		<depth>3</depth>
	</size>
	<segmented>0</segmented>
	<object>
		<name>dog</name>
		<pose>Unspecified</pose>
		<truncated>0</truncated>
		<difficult>0</difficult>
		<bndbox>
			<xmin>132</xmin>
			<ymin>28</ymin>
			<xmax>402</xmax>
			<ymax>415</ymax>
		</bndbox>
	</object>
</annotation>
