<annotation>
	<folder>Annotations</folder>
	<filename>dog.209.jpg</filename>
	<path>C:\Users\boys\Desktop\VOC2007\Annotations\dog.209.jpg</path>
	<source>
		<database>Unknown</database>
	</source>
	<size>
		<width>479</width>
		<height>360</height>
		<depth>3</depth>
	</size>
	<segmented>0</segmented>
	<object>
		<name>dog</name>
		<pose>Unspecified</pose>
		<truncated>0</truncated>
		<difficult>0</difficult>
		<bndbox>
			<xmin>24</xmin>
			<ymin>10</ymin>
			<xmax>401</xmax>
			<ymax>352</ymax>
		</bndbox>
	</object>
</annotation>
