<annotation>
	<folder>Annotations</folder>
	<filename>dog.210.jpg</filename>
	<path>C:\Users\boys\Desktop\VOC2007\Annotations\dog.210.jpg</path>
	<source>
		<database>Unknown</database>
	</source>
	<size>
		<width>375</width>
		<height>329</height>
		<depth>3</depth>
	</size>
	<segmented>0</segmented>
	<object>
		<name>dog</name>
		<pose>Unspecified</pose>
		<truncated>0</truncated>
		<difficult>0</difficult>
		<bndbox>
			<xmin>32</xmin>
			<ymin>24</ymin>
			<xmax>291</xmax>
			<ymax>321</ymax>
		</bndbox>
	</object>
</annotation>
