<annotation>
	<folder>Annotations</folder>
	<filename>dog.278.jpg</filename>
	<path>C:\Users\boys\Desktop\VOC2007\Annotations\dog.278.jpg</path>
	<source>
		<database>Unknown</database>
	</source>
	<size>
		<width>363</width>
		<height>491</height>
		<depth>3</depth>
	</size>
	<segmented>0</segmented>
	<object>
		<name>dog</name>
		<pose>Unspecified</pose>
		<truncated>0</truncated>
		<difficult>0</difficult>
		<bndbox>
			<xmin>34</xmin>
			<ymin>6</ymin>
			<xmax>361</xmax>
			<ymax>489</ymax>
		</bndbox>
	</object>
</annotation>
