<annotation>
	<folder>Annotations</folder>
	<filename>dog.202.jpg</filename>
	<path>C:\Users\boys\Desktop\VOC2007\Annotations\dog.202.jpg</path>
	<source>
		<database>Unknown</database>
	</source>
	<size>
		<width>241</width>
		<height>333</height>
		<depth>3</depth>
	</size>
	<segmented>0</segmented>
	<object>
		<name>dog</name>
		<pose>Unspecified</pose>
		<truncated>1</truncated>
		<difficult>0</difficult>
		<bndbox>
			<xmin>1</xmin>
			<ymin>2</ymin>
			<xmax>234</xmax>
			<ymax>319</ymax>
		</bndbox>
	</object>
</annotation>
