<annotation>
	<folder>Annotations</folder>
	<filename>dog.145.jpg</filename>
	<path>C:\Users\boys\Desktop\VOC2007\Annotations\dog.145.jpg</path>
	<source>
		<database>Unknown</database>
	</source>
	<size>
		<width>349</width>
		<height>318</height>
		<depth>3</depth>
	</size>
	<segmented>0</segmented>
	<object>
		<name>dog</name>
		<pose>Unspecified</pose>
		<truncated>0</truncated>
		<difficult>0</difficult>
		<bndbox>
			<xmin>23</xmin>
			<ymin>9</ymin>
			<xmax>291</xmax>
			<ymax>308</ymax>
		</bndbox>
	</object>
</annotation>
