<annotation>
	<folder>Annotations</folder>
	<filename>dog.146.jpg</filename>
	<path>C:\Users\boys\Desktop\VOC2007\Annotations\dog.146.jpg</path>
	<source>
		<database>Unknown</database>
	</source>
	<size>
		<width>426</width>
		<height>401</height>
		<depth>3</depth>
	</size>
	<segmented>0</segmented>
	<object>
		<name>dog</name>
		<pose>Unspecified</pose>
		<truncated>1</truncated>
		<difficult>0</difficult>
		<bndbox>
			<xmin>12</xmin>
			<ymin>12</ymin>
			<xmax>410</xmax>
			<ymax>401</ymax>
		</bndbox>
	</object>
</annotation>
