<annotation>
	<folder>Annotations</folder>
	<filename>dog.271.jpg</filename>
	<path>C:\Users\boys\Desktop\VOC2007\Annotations\dog.271.jpg</path>
	<source>
		<database>Unknown</database>
	</source>
	<size>
		<width>392</width>
		<height>499</height>
		<depth>3</depth>
	</size>
	<segmented>0</segmented>
	<object>
		<name>dog</name>
		<pose>Unspecified</pose>
		<truncated>0</truncated>
		<difficult>0</difficult>
		<bndbox>
			<xmin>52</xmin>
			<ymin>5</ymin>
			<xmax>369</xmax>
			<ymax>444</ymax>
		</bndbox>
	</object>
</annotation>
