<annotation>
	<folder>Annotations</folder>
	<filename>dog.223.jpg</filename>
	<path>C:\Users\boys\Desktop\VOC2007\Annotations\dog.223.jpg</path>
	<source>
		<database>Unknown</database>
	</source>
	<size>
		<width>367</width>
		<height>499</height>
		<depth>3</depth>
	</size>
	<segmented>0</segmented>
	<object>
		<name>dog</name>
		<pose>Unspecified</pose>
		<truncated>0</truncated>
		<difficult>0</difficult>
		<bndbox>
			<xmin>128</xmin>
			<ymin>153</ymin>
			<xmax>352</xmax>
			<ymax>379</ymax>
		</bndbox>
	</object>
</annotation>
