<annotation>
	<folder>Annotations</folder>
	<filename>dog.288.jpg</filename>
	<path>C:\Users\boys\Desktop\VOC2007\Annotations\dog.288.jpg</path>
	<source>
		<database>Unknown</database>
	</source>
	<size>
		<width>319</width>
		<height>245</height>
		<depth>3</depth>
	</size>
	<segmented>0</segmented>
	<object>
		<name>dog</name>
		<pose>Unspecified</pose>
		<truncated>0</truncated>
		<difficult>0</difficult>
		<bndbox>
			<xmin>9</xmin>
			<ymin>50</ymin>
			<xmax>261</xmax>
			<ymax>213</ymax>
		</bndbox>
	</object>
</annotation>
