<annotation>
	<folder>Annotations</folder>
	<filename>dog.211.jpg</filename>
	<path>C:\Users\boys\Desktop\VOC2007\Annotations\dog.211.jpg</path>
	<source>
		<database>Unknown</database>
	</source>
	<size>
		<width>480</width>
		<height>324</height>
		<depth>3</depth>
	</size>
	<segmented>0</segmented>
	<object>
		<name>dog</name>
		<pose>Unspecified</pose>
		<truncated>1</truncated>
		<difficult>0</difficult>
		<bndbox>
			<xmin>123</xmin>
			<ymin>15</ymin>
			<xmax>395</xmax>
			<ymax>324</ymax>
		</bndbox>
	</object>
</annotation>
