<annotation>
	<folder>Annotations</folder>
	<filename>dog.196.jpg</filename>
	<path>C:\Users\boys\Desktop\VOC2007\Annotations\dog.196.jpg</path>
	<source>
		<database>Unknown</database>
	</source>
	<size>
		<width>399</width>
		<height>465</height>
		<depth>3</depth>
	</size>
	<segmented>0</segmented>
	<object>
		<name>dog</name>
		<pose>Unspecified</pose>
		<truncated>0</truncated>
		<difficult>0</difficult>
		<bndbox>
			<xmin>93</xmin>
			<ymin>27</ymin>
			<xmax>385</xmax>
			<ymax>435</ymax>
		</bndbox>
	</object>
</annotation>
