<annotation>
	<folder>Annotations</folder>
	<filename>dog.269.jpg</filename>
	<path>C:\Users\boys\Desktop\VOC2007\Annotations\dog.269.jpg</path>
	<source>
		<database>Unknown</database>
	</source>
	<size>
		<width>318</width>
		<height>221</height>
		<depth>3</depth>
	</size>
	<segmented>0</segmented>
	<object>
		<name>dog</name>
		<pose>Unspecified</pose>
		<truncated>1</truncated>
		<difficult>0</difficult>
		<bndbox>
			<xmin>5</xmin>
			<ymin>4</ymin>
			<xmax>303</xmax>
			<ymax>221</ymax>
		</bndbox>
	</object>
</annotation>
