<annotation>
	<folder>Annotations</folder>
	<filename>dog.248.jpg</filename>
	<path>C:\Users\boys\Desktop\VOC2007\Annotations\dog.248.jpg</path>
	<source>
		<database>Unknown</database>
	</source>
	<size>
		<width>500</width>
		<height>418</height>
		<depth>3</depth>
	</size>
	<segmented>0</segmented>
	<object>
		<name>dog</name>
		<pose>Unspecified</pose>
		<truncated>0</truncated>
		<difficult>0</difficult>
		<bndbox>
			<xmin>29</xmin>
			<ymin>57</ymin>
			<xmax>408</xmax>
			<ymax>409</ymax>
		</bndbox>
	</object>
</annotation>
