<annotation>
	<folder>Annotations</folder>
	<filename>dog.189.jpg</filename>
	<path>C:\Users\boys\Desktop\VOC2007\Annotations\dog.189.jpg</path>
	<source>
		<database>Unknown</database>
	</source>
	<size>
		<width>349</width>
		<height>290</height>
		<depth>3</depth>
	</size>
	<segmented>0</segmented>
	<object>
		<name>dog</name>
		<pose>Unspecified</pose>
		<truncated>1</truncated>
		<difficult>0</difficult>
		<bndbox>
			<xmin>41</xmin>
			<ymin>27</ymin>
			<xmax>339</xmax>
			<ymax>290</ymax>
		</bndbox>
	</object>
</annotation>
