<annotation>
	<folder>Annotations</folder>
	<filename>dog.246.jpg</filename>
	<path>C:\Users\boys\Desktop\VOC2007\Annotations\dog.246.jpg</path>
	<source>
		<database>Unknown</database>
	</source>
	<size>
		<width>467</width>
		<height>426</height>
		<depth>3</depth>
	</size>
	<segmented>0</segmented>
	<object>
		<name>dog</name>
		<pose>Unspecified</pose>
		<truncated>1</truncated>
		<difficult>0</difficult>
		<bndbox>
			<xmin>32</xmin>
			<ymin>13</ymin>
			<xmax>418</xmax>
			<ymax>426</ymax>
		</bndbox>
	</object>
</annotation>
