<annotation>
	<folder>Annotations</folder>
	<filename>dog.215.jpg</filename>
	<path>C:\Users\boys\Desktop\VOC2007\Annotations\dog.215.jpg</path>
	<source>
		<database>Unknown</database>
	</source>
	<size>
		<width>308</width>
		<height>280</height>
		<depth>3</depth>
	</size>
	<segmented>0</segmented>
	<object>
		<name>dog</name>
		<pose>Unspecified</pose>
		<truncated>0</truncated>
		<difficult>0</difficult>
		<bndbox>
			<xmin>15</xmin>
			<ymin>3</ymin>
			<xmax>302</xmax>
			<ymax>276</ymax>
		</bndbox>
	</object>
</annotation>
