<annotation>
	<folder>Annotations</folder>
	<filename>dog.188.jpg</filename>
	<path>C:\Users\boys\Desktop\VOC2007\Annotations\dog.188.jpg</path>
	<source>
		<database>Unknown</database>
	</source>
	<size>
		<width>336</width>
		<height>447</height>
		<depth>3</depth>
	</size>
	<segmented>0</segmented>
	<object>
		<name>dog</name>
		<pose>Unspecified</pose>
		<truncated>1</truncated>
		<difficult>0</difficult>
		<bndbox>
			<xmin>23</xmin>
			<ymin>83</ymin>
			<xmax>299</xmax>
			<ymax>447</ymax>
		</bndbox>
	</object>
</annotation>
