<annotation>
	<folder>Annotations</folder>
	<filename>dog.198.jpg</filename>
	<path>C:\Users\boys\Desktop\VOC2007\Annotations\dog.198.jpg</path>
	<source>
		<database>Unknown</database>
	</source>
	<size>
		<width>350</width>
		<height>417</height>
		<depth>3</depth>
	</size>
	<segmented>0</segmented>
	<object>
		<name>dog</name>
		<pose>Unspecified</pose>
		<truncated>0</truncated>
		<difficult>0</difficult>
		<bndbox>
			<xmin>30</xmin>
			<ymin>46</ymin>
			<xmax>326</xmax>
			<ymax>405</ymax>
		</bndbox>
	</object>
</annotation>
