<annotation>
	<folder>Annotations</folder>
	<filename>dog.178.jpg</filename>
	<path>C:\Users\boys\Desktop\VOC2007\Annotations\dog.178.jpg</path>
	<source>
		<database>Unknown</database>
	</source>
	<size>
		<width>500</width>
		<height>488</height>
		<depth>3</depth>
	</size>
	<segmented>0</segmented>
	<object>
		<name>dog</name>
		<pose>Unspecified</pose>
		<truncated>1</truncated>
		<difficult>0</difficult>
		<bndbox>
			<xmin>49</xmin>
			<ymin>34</ymin>
			<xmax>449</xmax>
			<ymax>488</ymax>
		</bndbox>
	</object>
</annotation>
