<annotation>
	<folder>Annotations</folder>
	<filename>dog.281.jpg</filename>
	<path>C:\Users\boys\Desktop\VOC2007\Annotations\dog.281.jpg</path>
	<source>
		<database>Unknown</database>
	</source>
	<size>
		<width>187</width>
		<height>177</height>
		<depth>3</depth>
	</size>
	<segmented>0</segmented>
	<object>
		<name>dog</name>
		<pose>Unspecified</pose>
		<truncated>0</truncated>
		<difficult>0</difficult>
		<bndbox>
			<xmin>4</xmin>
			<ymin>2</ymin>
			<xmax>181</xmax>
			<ymax>173</ymax>
		</bndbox>
	</object>
</annotation>
