<annotation>
	<folder>Annotations</folder>
	<filename>dog.262.jpg</filename>
	<path>C:\Users\boys\Desktop\VOC2007\Annotations\dog.262.jpg</path>
	<source>
		<database>Unknown</database>
	</source>
	<size>
		<width>449</width>
		<height>338</height>
		<depth>3</depth>
	</size>
	<segmented>0</segmented>
	<object>
		<name>dog</name>
		<pose>Unspecified</pose>
		<truncated>1</truncated>
		<difficult>0</difficult>
		<bndbox>
			<xmin>81</xmin>
			<ymin>1</ymin>
			<xmax>372</xmax>
			<ymax>338</ymax>
		</bndbox>
	</object>
</annotation>
