<annotation>
	<folder>Annotations</folder>
	<filename>dog.230.jpg</filename>
	<path>C:\Users\boys\Desktop\VOC2007\Annotations\dog.230.jpg</path>
	<source>
		<database>Unknown</database>
	</source>
	<size>
		<width>300</width>
		<height>224</height>
		<depth>3</depth>
	</size>
	<segmented>0</segmented>
	<object>
		<name>dog</name>
		<pose>Unspecified</pose>
		<truncated>1</truncated>
		<difficult>0</difficult>
		<bndbox>
			<xmin>27</xmin>
			<ymin>33</ymin>
			<xmax>234</xmax>
			<ymax>224</ymax>
		</bndbox>
	</object>
</annotation>
